<?xml version="1.0" encoding="UTF-8"?>
<project-private xmlns="http://www.netbeans.org/ns/project-private/1">
    <editor-bookmarks xmlns="http://www.netbeans.org/ns/editor-bookmarks/2" lastBookmarkId="0"/>
    <open-files xmlns="http://www.netbeans.org/ns/projectui-open-files/2">
        <group>
            <file>file:/C:/Kỳ%205/SWP391/projectteam3/Project_HNTour/web/home.jsp</file>
            <file>file:/C:/Kỳ%205/SWP391/projectteam3/Project_HNTour/src/java/controllerSupplier/ManagerVoucher.java</file>
            <file>file:/C:/Kỳ%205/SWP391/projectteam3/Project_HNTour/web/ChartDoanhThu.jsp</file>
            <file>file:/C:/Kỳ%205/SWP391/projectteam3/Project_HNTour/src/java/ulti/sendEmailReject.java</file>
            <file>file:/C:/Kỳ%205/SWP391/projectteam3/Project_HNTour/web/DashboardSupplier.jsp</file>
            <file>file:/C:/Kỳ%205/SWP391/projectteam3/Project_HNTour/web/TangVoucher.jsp</file>
            <file>file:/C:/Kỳ%205/SWP391/projectteam3/Project_HNTour/src/java/model/Tour.java</file>
            <file>file:/C:/Kỳ%205/SWP391/projectteam3/Project_HNTour/src/java/controllerSupplier/ListCustomerDamua.java</file>
            <file>file:/C:/Kỳ%205/SWP391/projectteam3/Project_HNTour/web/view/admin/manageraccount.jsp</file>
            <file>file:/C:/Kỳ%205/SWP391/projectteam3/Project_HNTour/src/java/ulti/sendEmailVoucher.java</file>
            <file>file:/C:/Kỳ%205/SWP391/projectteam3/Project_HNTour/web/tour.jsp</file>
            <file>file:/C:/Kỳ%205/SWP391/projectteam3/Project_HNTour/web/ManagerVoucher.jsp</file>
            <file>file:/C:/Kỳ%205/SWP391/projectteam3/Project_HNTour/src/java/ulti/sendEmailConfirm.java</file>
            <file>file:/C:/Kỳ%205/SWP391/projectteam3/Project_HNTour/src/java/dal/DAOConfirmOrder.java</file>
            <file>file:/C:/Kỳ%205/SWP391/projectteam3/Project_HNTour/src/java/model/Order.java</file>
            <file>file:/C:/Kỳ%205/SWP391/projectteam3/Project_HNTour/src/java/controllerSupplier/sendEmailConfirmOd.java</file>
            <file>file:/C:/Kỳ%205/SWP391/projectteam3/Project_HNTour/src/java/controllerSupplier/Statistic.java</file>
            <file>file:/C:/Kỳ%205/SWP391/projectteam3/Project_HNTour/src/java/controllerSupplier/ConfirmOrder.java</file>
            <file>file:/C:/Kỳ%205/SWP391/projectteam3/Project_HNTour/src/java/dal/DAO.java</file>
            <file>file:/C:/Kỳ%205/SWP391/projectteam3/Project_HNTour/web/DanhSachKhachHangDamua.jsp</file>
        </group>
    </open-files>
</project-private>
